Customer_id,Account_balance,Transaction_amt,Reported_amount,Currency,Country,TransactionDate,Transaction_remarks,Risk_Score
1000,5190,2452,2452,INR,IN,2025-03-11,Enter science property drug.,0
1001,93831,1670,1670,EUR,DE,2025-02-25,Government site food step interview this performance.,0
1002,81831,2102,1975,USD,US,2025-03-03,,1
1003,37998,296,296,INR,IN,2025-03-20,,0
1004,56446,2108,2108,USD,US,2025-03-06,,0
1005,25966,4866,4764,EUR,FR,2025-03-01,,1
1006,77930,24,39,EUR,DE,2025-02-27,,1
1007,35598,1672,1672,GBP,UK,2025-03-17,,0
1008,61915,3744,3744,INR,IN,2025-02-22,Guess technology degree special.,0
1009,81514,4490,4490,EUR,IN,2025-03-17,Television money light discuss.,0
1010,37723,1569,1569,USD,US,2025-03-11,Say this thank season.,0
1011,26288,213,213,USD,US,2025-02-24,,0
1012,25394,1665,1665,EUR,FR,2025-02-28,Else heavy my area.,0
1013,24684,2995,2995,EUR,FR,2025-02-23,Card state tonight west arrive.,0
1014,37287,4605,4605,EUR,DE,2025-03-02,,0
1015,96758,1208,1208,USD,US,2025-02-23,,0
1016,35573,3453,3453,EUR,FR,2025-03-21,Only product ready reality put.,0
1017,-4192,4469,4469,USD,US,2025-03-18,Couple place lay natural seek but military early.,2
1018,94640,3244,3244,GBP,UK,2025-03-01,Enough newspaper image on.,0
1019,34208,1268,1268,EUR,FR,2025-03-13,,0
1020,-1054,847,847,INR,IN,2025-03-06,,2
1021,94913,1075,1075,GBP,UK,2025-03-10,,0
1022,3039,1303,1326,USD,US,2025-03-19,,1
1023,66786,3071,3071,GBP,UK,2025-03-10,,0
1024,89268,3545,3545,EUR,FR,2025-03-23,,0
1025,80490,1815,1815,GBP,UK,2025-03-01,,0
1026,73349,1947,1947,GBP,IN,2025-03-08,,0
1027,37859,92,92,INR,IN,2025-02-24,,0
1028,39788,29,29,INR,IN,2025-02-26,,0
1029,58981,4562,4562,USD,US,2025-03-22,Risk six together senior main few drive.,0
1030,-5582,4159,4159,EUR,DE,2025-02-24,,2
1031,10251,4436,4436,INR,UK,2025-03-21,,0
1032,21426,2174,2174,USD,US,2025-03-18,,0
1033,78919,141,23,GBP,UK,2025-03-08,,1
1034,-8735,2020,2020,USD,US,2025-02-23,Last my too detail understand society.,2
1035,-407,2874,2874,USD,IN,2025-03-16,,2
1036,81121,3174,3174,USD,FR,2025-03-21,,0
1037,27940,1001,1001,GBP,UK,2025-03-01,Federal yes position field continue.,0
1038,-737,1291,1281,GBP,UK,2025-02-28,,2
1039,57212,691,691,EUR,DE,2025-03-19,,0
1040,79919,3809,3809,GBP,UK,2025-03-10,,0
1041,67197,2940,3082,EUR,FR,2025-02-25,,1
1042,3406,1425,1425,USD,US,2025-03-19,,0
1043,94761,4776,4776,USD,US,2025-03-05,,0
1044,-6953,2276,2276,USD,US,2025-03-17,Until also month Democrat miss fund catch value.,2
1045,81978,2835,2835,USD,US,2025-03-02,Building citizen speech even.,0
1046,86634,1589,1589,EUR,FR,2025-03-03,,0
1047,6596,4497,4497,EUR,DE,2025-03-09,,0
1048,60105,3798,3798,EUR,DE,2025-03-16,,0
1049,26066,432,432,EUR,FR,2025-03-19,Wait production wish.,0
1050,-8313,4653,4703,EUR,FR,2025-03-07,,3
1051,79971,1719,1719,EUR,DE,2025-03-22,,0
1052,50209,3846,3846,GBP,UK,2025-03-06,,0
1053,20288,4146,4146,INR,US,2025-03-06,,0
1054,70641,3731,3731,EUR,DE,2025-03-17,,0
1055,87987,234,234,USD,US,2025-03-11,,0
1056,73204,3016,3016,EUR,DE,2025-03-03,,0
1057,51059,1749,1749,USD,US,2025-02-24,Sometimes commercial here television enough form ability.,0
1058,1344,1409,1409,USD,US,2025-03-19,,1
1059,70198,4261,4261,GBP,UK,2025-03-09,,0
1060,77498,925,925,EUR,DE,2025-02-23,,0
1061,55034,242,242,INR,IN,2025-03-23,,0
1062,5403,477,421,USD,US,2025-03-10,,1
1063,42674,474,474,EUR,FR,2025-03-21,Economy much rich statement.,0
1064,61177,3276,3276,GBP,FR,2025-03-20,,0
1065,97607,4985,4985,USD,US,2025-03-19,,0
1066,30387,712,712,USD,US,2025-03-08,,0
1067,76022,385,385,USD,US,2025-03-01,,0
1068,16442,2976,2976,EUR,FR,2025-03-11,,0
1069,-2752,1215,1215,INR,IN,2025-03-17,,2
1070,39436,4325,4325,INR,US,2025-02-28,,0
1071,55674,619,619,USD,US,2025-03-12,,0
1072,1525,3444,3444,EUR,UK,2025-03-15,,1
1073,53586,3755,3755,INR,IN,2025-03-18,,0
1074,86700,2558,2558,USD,US,2025-03-20,,0
1075,60996,2068,2068,INR,UK,2025-03-03,,0
1076,65883,2937,2937,INR,IN,2025-03-07,,0
1077,83508,3632,3632,USD,DE,2025-02-23,East candidate billion yet simply cover charge.,0
1078,3100,2101,2101,INR,FR,2025-03-14,,0
1079,-3793,898,898,EUR,DE,2025-03-18,,2
1080,98879,1097,1097,GBP,UK,2025-03-04,,0
1081,79602,1247,1247,EUR,DE,2025-03-11,,0
1082,13134,959,959,USD,US,2025-02-24,Dog large without usually put major suggest group.,0
1083,61431,223,223,EUR,FR,2025-03-05,,0
1084,21155,3142,3142,INR,IN,2025-03-15,,0
1085,80651,4471,4471,USD,US,2025-02-24,,0
1086,60035,708,708,EUR,FR,2025-03-03,,0
1087,50051,1650,1650,USD,US,2025-03-03,,0
1088,71683,4676,4676,GBP,UK,2025-02-25,Thus billion manage.,0
1089,9429,3460,3460,EUR,DE,2025-03-14,,0
1090,91029,2536,2536,GBP,UK,2025-03-19,,0
1091,96560,4560,4560,USD,US,2025-03-04,,0
1092,70072,1409,1409,INR,US,2025-03-14,,0
1093,53019,4041,4041,EUR,FR,2025-02-24,,0
1094,90415,4754,4754,USD,US,2025-03-23,,0
1095,77802,2059,2059,EUR,DE,2025-03-22,,0
1096,-5504,2867,2867,USD,US,2025-02-22,,2
1097,73817,3772,3772,EUR,FR,2025-03-13,,0
1098,34175,1202,1202,EUR,DE,2025-03-09,,0
1099,71336,3643,3643,EUR,FR,2025-03-15,,0
1100,66196,689,689,EUR,FR,2025-03-10,,0
1101,74556,2686,2686,INR,IN,2025-02-28,,0
1102,40082,335,335,USD,US,2025-03-02,,0
1103,6767,2148,2148,INR,IN,2025-03-21,,0
1104,46828,1352,1352,USD,US,2025-03-10,,0
1105,38526,2586,2586,GBP,UK,2025-03-08,,0
1106,11940,865,865,EUR,FR,2025-03-10,,0
1107,71642,856,856,USD,US,2025-03-23,If election box toward past expert yourself bar.,0
1108,77182,2281,2281,GBP,UK,2025-03-12,,0
1109,27033,2990,2990,INR,IN,2025-03-17,,0
1110,87459,269,269,INR,DE,2025-03-02,,0
1111,25900,98,98,EUR,FR,2025-03-19,Participant recognize girl because.,0
1112,46265,3580,3580,INR,IN,2025-02-27,,0
1113,50411,2187,2187,EUR,DE,2025-03-22,Stand imagine seek truth individual goal talk.,0
1114,-1957,4108,4108,EUR,FR,2025-02-28,,2
1115,85521,2025,2025,USD,US,2025-02-22,,0
1116,22011,4392,4392,INR,IN,2025-03-18,,0
1117,40818,83,83,USD,US,2025-02-22,American easy model short.,0
1118,17619,2270,2270,GBP,FR,2025-03-15,,0
1119,14768,4970,4970,EUR,DE,2025-03-20,,0
1120,54510,1934,1934,USD,US,2025-02-23,,0
1121,-6824,443,443,INR,IN,2025-03-14,City total born magazine until thus pay.,2
1122,97922,4956,4956,USD,US,2025-03-11,,0
1123,19726,2061,2061,GBP,UK,2025-03-17,,0
1124,94577,2933,2933,EUR,UK,2025-02-22,,0
1125,38397,4538,4538,EUR,UK,2025-03-18,,0
1126,17809,292,292,EUR,FR,2025-03-09,,0
1127,-2377,1720,1720,EUR,DE,2025-03-01,Lay start officer still pull whatever.,2
1128,32655,941,941,INR,IN,2025-03-16,Friend benefit question arrive forward.,0
1129,56555,798,798,EUR,DE,2025-03-04,,0
1130,-9687,2895,2895,GBP,UK,2025-03-05,,2
1131,89122,4699,4699,INR,IN,2025-02-25,,0
1132,35415,1718,1718,GBP,UK,2025-03-03,,0
1133,94517,548,548,USD,UK,2025-02-22,,0
1134,8171,622,622,GBP,UK,2025-03-12,Themselves base test set.,0
1135,71406,3540,3540,EUR,FR,2025-03-23,,0
1136,-1470,4750,4750,EUR,FR,2025-03-16,,2
1137,12305,2638,2638,GBP,UK,2025-02-26,Public mission sing require modern nice.,0
1138,-7490,354,354,EUR,FR,2025-02-22,,2
1139,21625,149,149,USD,US,2025-03-12,,0
1140,-1919,4265,4265,EUR,FR,2025-03-18,,2
1141,96880,3230,3230,INR,IN,2025-03-06,Consumer play would use.,0
1142,24934,1146,1146,EUR,FR,2025-03-03,,0
1143,18054,3814,3814,USD,FR,2025-03-10,,0
1144,23083,1485,1485,EUR,DE,2025-03-05,,0
1145,60684,2820,2820,USD,UK,2025-02-28,Figure process information guy unit wall travel blood.,0
1146,-956,2657,2657,INR,IN,2025-02-24,,2
1147,-3839,1897,1897,GBP,UK,2025-03-23,,2
1148,65356,4106,4106,GBP,UK,2025-02-22,Establish third position say place quite maintain.,0
1149,54556,2584,2584,EUR,DE,2025-02-24,,0
1150,46206,4805,4805,EUR,DE,2025-03-22,,0
1151,3011,856,856,EUR,FR,2025-03-20,Again already represent community.,0
1152,58286,4343,4343,EUR,DE,2025-03-02,,0
1153,10468,1978,1978,GBP,UK,2025-03-22,,0
1154,92026,2807,2807,INR,IN,2025-03-02,,0
1155,72283,3987,3987,INR,IN,2025-03-14,,0
1156,49896,2579,2579,INR,IN,2025-03-04,,0
1157,77475,1016,1016,EUR,FR,2025-03-08,,0
1158,61413,4307,4307,EUR,DE,2025-03-05,Expert according likely.,0
1159,2723,2978,2978,EUR,FR,2025-02-22,,1
1160,60368,3021,3021,USD,US,2025-03-18,Figure little back defense ask.,0
1161,29758,978,978,EUR,FR,2025-02-23,,0
1162,96614,3767,3767,EUR,DE,2025-03-22,,0
1163,17914,3516,3516,GBP,UK,2025-03-15,,0
1164,44991,2733,2733,GBP,UK,2025-03-23,,0
1165,35768,318,318,INR,IN,2025-03-21,,0
1166,94690,319,319,EUR,FR,2025-03-03,,0
1167,23582,3349,3349,EUR,FR,2025-03-03,,0
1168,25505,664,664,EUR,UK,2025-03-11,Student relate heavy collection each.,0
1169,82713,2948,2948,INR,US,2025-02-22,,0
1170,16258,2378,2378,EUR,FR,2025-03-18,,0
1171,-627,602,602,GBP,UK,2025-03-08,,2
1172,78232,1536,1536,INR,IN,2025-03-10,,0
1173,-5179,3285,3285,EUR,FR,2025-03-10,,2
1174,95094,3635,3635,EUR,DE,2025-03-06,,0
1175,-1199,2917,2917,INR,IN,2025-03-23,Couple measure others property.,2
1176,-1783,3879,3879,USD,US,2025-03-15,,2
1177,71567,1988,1988,GBP,UK,2025-03-19,,0
1178,51569,477,477,USD,US,2025-02-26,,0
1179,80295,3771,3771,EUR,US,2025-03-14,,0
1180,75321,207,207,EUR,UK,2025-03-01,,0
1181,43354,1273,1273,GBP,UK,2025-03-17,,0
1182,65546,2680,2680,INR,IN,2025-02-27,,0
1183,49912,625,625,INR,IN,2025-03-17,,0
1184,22035,1984,1984,USD,US,2025-02-24,,0
1185,98314,290,290,EUR,FR,2025-03-23,,0
1186,18008,2958,2958,EUR,DE,2025-03-13,,0
1187,15304,4707,4707,USD,US,2025-03-06,,0
1188,75762,3768,3768,GBP,UK,2025-03-10,,0
1189,81256,172,172,GBP,UK,2025-03-08,,0
1190,88989,3665,3665,USD,DE,2025-03-13,,0
1191,13745,134,134,EUR,DE,2025-02-26,,0
1192,12449,1017,1017,INR,IN,2025-03-16,,0
1193,40831,214,214,INR,DE,2025-02-28,,0
1194,62972,4273,4273,EUR,DE,2025-03-08,,0
1195,18235,2802,2802,INR,IN,2025-03-19,,0
1196,-3393,2796,2796,INR,FR,2025-03-01,,2
1197,6702,4424,4424,INR,IN,2025-03-03,,0
1198,94603,3457,3457,GBP,UK,2025-03-18,,0
1199,78521,707,707,EUR,DE,2025-03-21,,0
1200,35886,3022,3022,INR,IN,2025-03-21,End eye arrive evening provide tonight analysis.,0
1201,15228,311,311,EUR,DE,2025-02-27,,0
1202,69303,3419,3419,GBP,UK,2025-03-13,,0
1203,94626,2226,2226,GBP,US,2025-03-04,,0
1204,75792,1593,1593,INR,IN,2025-03-04,,0
1205,16732,4301,4301,INR,FR,2025-02-28,,0
1206,54826,537,537,INR,FR,2025-02-26,,0
1207,39752,2240,2240,INR,FR,2025-02-26,Clearly clear administration.,0
1208,78161,4781,4781,GBP,UK,2025-02-26,,0
1209,35696,1829,1829,INR,IN,2025-03-12,Southern suffer society relationship enough.,0
1210,33213,2971,2971,EUR,FR,2025-03-17,,0
1211,94597,4457,4457,EUR,FR,2025-02-26,,0
1212,13747,4661,4661,GBP,UK,2025-02-28,,0
1213,60876,1304,1304,GBP,UK,2025-02-28,,0
1214,-8249,2972,2972,GBP,UK,2025-03-16,,2
1215,-7391,3779,3779,INR,IN,2025-03-14,,2
1216,62929,2005,2005,GBP,UK,2025-03-21,,0
1217,17865,63,63,USD,US,2025-03-18,,0
1218,14178,2942,2942,EUR,FR,2025-03-01,,0
1219,96304,4943,4943,INR,IN,2025-03-08,,0
1220,30669,3349,3349,EUR,FR,2025-03-04,,0
1221,86999,3786,3786,GBP,UK,2025-03-19,,0
1222,21482,1080,1080,EUR,FR,2025-03-10,,0
1223,52673,4400,4400,GBP,UK,2025-02-22,,0
1224,62924,3439,3439,EUR,FR,2025-03-20,,0
1225,52023,2408,2408,EUR,DE,2025-03-22,,0
1226,72342,1474,1474,EUR,DE,2025-03-22,Benefit little leader TV event morning eight nothing.,0
1227,46240,3679,3679,USD,US,2025-03-22,,0
1228,20336,2368,2368,INR,IN,2025-03-18,,0
1229,61969,956,956,INR,FR,2025-03-15,,0
1230,87126,4843,4843,INR,IN,2025-03-03,,0
1231,63289,2666,2666,GBP,UK,2025-03-19,,0
1232,6312,2672,2672,USD,FR,2025-02-24,,0
1233,10889,3542,3564,INR,IN,2025-03-08,,0
1234,42073,3931,3931,GBP,IN,2025-03-09,,0
1235,90817,1636,1636,USD,IN,2025-03-19,,0
1236,48229,707,707,USD,FR,2025-02-22,,0
1237,59495,4928,4928,INR,US,2025-03-03,Real son ready interview decade figure organization.,0
1238,54512,4639,4639,GBP,FR,2025-02-23,,0
1239,76428,2743,2743,GBP,UK,2025-03-14,,0
1240,54819,213,213,INR,US,2025-02-28,,0
1241,36446,3418,3418,USD,US,2025-03-04,,0
1242,89062,4252,4252,INR,IN,2025-03-16,,0
1243,49998,4720,4720,INR,IN,2025-03-12,,0
1244,97224,3494,3494,GBP,UK,2025-03-06,,0
1245,67378,1493,1493,USD,US,2025-02-24,,0
1246,95121,3989,3989,GBP,UK,2025-03-21,,0
1247,40057,594,594,INR,IN,2025-02-26,,0
1248,65066,3391,3391,USD,US,2025-02-26,,0
1249,77498,3510,3510,GBP,UK,2025-03-03,Star system for activity.,0
1250,53204,3392,3392,GBP,UK,2025-03-12,News hour show list management goal college officer.,0
1251,51328,1161,1161,EUR,DE,2025-02-26,,0
1252,9878,4732,4763,USD,US,2025-03-02,,0
1253,50679,2873,2873,INR,IN,2025-03-06,,0
1254,2882,1793,1793,USD,US,2025-03-20,,0
1255,50735,360,360,USD,US,2025-03-21,Pretty administration eye word very.,0
1256,87484,3002,3002,EUR,FR,2025-02-24,,0
1257,-5730,1829,1829,EUR,IN,2025-02-24,,2
1258,82898,1441,1441,EUR,FR,2025-03-23,,0
1259,29866,2865,2865,EUR,DE,2025-02-22,,0
1260,-7678,397,397,EUR,FR,2025-03-12,,2
1261,89514,4390,4390,USD,US,2025-03-11,,0
1262,57815,3829,3829,GBP,US,2025-03-05,,0
1263,-6218,4545,4545,INR,IN,2025-03-10,,2
1264,22828,1412,1449,USD,FR,2025-03-15,,1
1265,23131,4256,4256,USD,US,2025-03-10,,0
1266,53643,4640,4640,INR,IN,2025-03-20,Owner under kitchen college beautiful watch where.,0
1267,18303,1147,1147,USD,US,2025-03-22,,0
1268,1090,4321,4321,GBP,DE,2025-02-27,,1
1269,19702,3023,3023,GBP,UK,2025-03-05,,0
1270,28449,3215,3215,INR,IN,2025-02-26,Nature word find step.,0
1271,21356,989,989,USD,US,2025-03-15,,0
1272,7702,1931,1931,EUR,FR,2025-03-01,Herself main box second need.,0
1273,38938,796,796,USD,IN,2025-03-05,Foot language adult soldier.,0
1274,55707,4052,4052,USD,US,2025-03-17,Painting lot under would respond under.,0
1275,70350,1908,1908,USD,UK,2025-03-06,,0
1276,81962,719,719,USD,US,2025-02-22,,0
1277,22814,4849,4849,EUR,DE,2025-02-28,Marriage production bank produce total.,0
1278,-879,1240,1240,EUR,DE,2025-02-26,,2
1279,23546,1813,1813,EUR,DE,2025-03-20,,0
1280,33248,92,92,INR,IN,2025-02-27,,0
1281,8064,3084,2916,EUR,FR,2025-03-05,,1
1282,41095,2083,2083,EUR,IN,2025-03-20,,0
1283,-8106,1891,1891,EUR,FR,2025-02-26,,2
1284,10037,3350,3350,GBP,UK,2025-02-28,,0
1285,87856,1960,1960,GBP,UK,2025-03-07,Physical on appear direction four.,0
1286,59145,432,432,EUR,FR,2025-03-10,Pattern lawyer wear just party expect operation force.,0
1287,56971,1099,1099,EUR,UK,2025-03-07,,0
1288,88569,4175,4175,INR,IN,2025-03-13,,0
1289,52560,3960,3960,INR,IN,2025-03-10,,0
1290,51101,112,112,EUR,IN,2025-02-27,,0
1291,14226,3818,3818,EUR,DE,2025-03-10,,0
1292,95713,202,202,EUR,FR,2025-03-05,,0
1293,17924,4583,4583,EUR,DE,2025-02-26,,0
1294,81461,4397,4397,EUR,DE,2025-03-06,,0
1295,54641,3963,3963,INR,IN,2025-02-22,,0
1296,61088,3878,3878,EUR,DE,2025-03-11,,0
1297,60277,3855,3855,INR,IN,2025-02-25,,0
1298,47009,243,243,EUR,DE,2025-03-22,,0
1299,5426,317,317,EUR,FR,2025-02-25,,0
1300,57058,4977,4977,GBP,UK,2025-02-28,,0
1301,47965,2895,2895,EUR,DE,2025-03-03,,0
1302,71406,2596,2596,GBP,UK,2025-03-04,,0
1303,93645,2821,2821,EUR,DE,2025-03-19,,0
1304,45894,2634,2634,USD,US,2025-03-13,,0
1305,-9087,4001,4001,USD,FR,2025-03-03,,2
1306,12188,4331,4331,INR,IN,2025-03-01,,0
1307,6733,699,699,GBP,UK,2025-03-08,,0
1308,71882,514,514,EUR,FR,2025-03-02,Soon doctor for learn.,0
1309,84950,2688,2688,EUR,DE,2025-02-23,,0
1310,98882,461,461,EUR,FR,2025-03-18,,0
1311,75202,1980,1980,EUR,FR,2025-03-01,,0
1312,81041,4047,4047,INR,US,2025-03-06,,0
1313,54792,2420,2296,USD,US,2025-03-22,,1
1314,57973,971,971,GBP,UK,2025-03-15,,0
1315,65178,4594,4594,EUR,FR,2025-03-12,,0
1316,93270,3759,3759,EUR,DE,2025-02-28,,0
1317,98920,321,321,EUR,DE,2025-02-24,,0
1318,79248,195,195,USD,UK,2025-03-13,,0
1319,52892,338,338,USD,US,2025-03-01,,0
1320,45047,1786,1786,EUR,DE,2025-03-01,Mouth return care bad stop race.,0
1321,-6017,2559,2559,GBP,UK,2025-02-26,,2
1322,86633,1866,1866,EUR,FR,2025-02-28,,0
1323,777,2430,2430,USD,US,2025-03-06,,1
1324,-3199,3867,3867,INR,IN,2025-03-03,Lead price serve.,2
1325,73020,2656,2456,USD,US,2025-03-20,,1
1326,25789,4099,4099,USD,US,2025-03-16,,0
1327,5143,478,478,EUR,DE,2025-03-01,,0
1328,10118,4712,4712,GBP,UK,2025-03-02,Low between scientist.,0
1329,88649,2931,2931,EUR,DE,2025-02-27,,0
1330,85325,4747,4747,USD,FR,2025-03-18,,0
1331,78129,3861,3861,EUR,IN,2025-03-04,,0
1332,97560,2181,2181,EUR,FR,2025-03-11,,0
1333,5961,4700,4700,EUR,DE,2025-02-28,,0
1334,140,4863,4863,INR,DE,2025-03-15,,1
1335,91105,2828,2828,EUR,FR,2025-03-07,Somebody soon catch break reality term individual industry.,0
1336,7891,2863,2863,USD,US,2025-02-26,,0
1337,18865,857,857,EUR,DE,2025-03-17,,0
1338,72360,1408,1408,EUR,DE,2025-03-23,,0
1339,51121,3926,3926,USD,US,2025-03-15,,0
1340,74818,4762,4762,GBP,US,2025-02-27,,0
1341,19588,2128,2128,USD,US,2025-02-25,,0
1342,-2061,1350,1350,EUR,FR,2025-03-21,Ten since gas none.,2
1343,-3619,4428,4428,GBP,UK,2025-03-23,,2
1344,36885,2768,2768,USD,US,2025-03-21,,0
1345,69720,1009,1009,EUR,FR,2025-02-22,Song daughter lose team within history.,0
1346,33551,2021,2021,GBP,UK,2025-03-12,,0
1347,64688,3413,3413,EUR,DE,2025-03-11,,0
1348,-9263,2547,2547,EUR,FR,2025-02-26,Agent military eight benefit two.,2
1349,87288,1246,1246,GBP,US,2025-03-12,,0
1350,4221,3166,3166,USD,US,2025-03-20,,0
1351,76968,2709,2709,INR,IN,2025-02-25,,0
1352,37615,648,648,INR,IN,2025-03-16,,0
1353,57091,4117,4117,USD,US,2025-02-26,Character record watch prove organization democratic with.,0
1354,34691,3037,3037,GBP,UK,2025-03-12,,0
1355,1968,2674,2674,EUR,FR,2025-03-18,,1
1356,-366,3688,3688,EUR,FR,2025-03-11,,2
1357,98737,4203,4203,USD,US,2025-03-21,,0
1358,5,36,36,USD,IN,2025-03-08,Play crime understand color side.,1
1359,-9724,3461,3461,EUR,DE,2025-03-12,,2
1360,-6964,3950,3950,GBP,UK,2025-03-14,,2
1361,28083,2757,2757,GBP,UK,2025-03-14,,0
1362,40225,3696,3696,GBP,UK,2025-03-07,Foreign issue accept positive become value usually.,0
1363,56177,4618,4618,EUR,FR,2025-02-22,,0
1364,13021,4231,4231,EUR,DE,2025-03-14,,0
1365,-7017,3616,3616,EUR,UK,2025-03-19,Necessary member often itself western personal since.,2
1366,21116,3787,3787,GBP,UK,2025-03-20,,0
1367,92658,41,41,INR,IN,2025-03-12,,0
1368,80734,1466,1466,EUR,DE,2025-03-01,,0
1369,11732,1836,1836,EUR,FR,2025-02-24,,0
1370,82454,282,282,USD,US,2025-03-14,Poor oil end action seem Democrat.,0
1371,7550,3350,3350,USD,US,2025-02-23,,0
1372,30483,2675,2675,EUR,FR,2025-02-23,Probably hand certainly which not game nation heavy.,0
1373,20802,3290,3290,INR,IN,2025-02-22,,0
1374,66870,1582,1582,INR,IN,2025-02-22,,0
1375,47810,1560,1560,GBP,UK,2025-03-23,Company bank main key from professor.,0
1376,95896,1971,1811,EUR,FR,2025-03-04,,1
1377,38232,1373,1316,EUR,DE,2025-03-17,,1
1378,17934,4693,4693,EUR,DE,2025-03-14,,0
1379,26456,4550,4550,GBP,UK,2025-03-03,List loss seat catch include.,0
1380,76424,619,619,INR,IN,2025-03-21,,0
1381,82810,2267,2267,USD,IN,2025-03-03,,0
1382,72350,3557,3557,EUR,FR,2025-03-14,View government religious technology town.,0
1383,55903,3203,3203,GBP,UK,2025-03-19,,0
1384,3697,4437,4437,GBP,UK,2025-03-12,,1
1385,10978,4358,4358,USD,US,2025-03-03,,0
1386,79847,1373,1373,USD,US,2025-03-13,,0
1387,19875,4404,4404,USD,US,2025-02-26,,0
1388,95939,1684,1684,GBP,UK,2025-03-16,Outside final chair particularly rather direction type.,0
1389,16783,950,950,EUR,DE,2025-03-21,,0
1390,26842,2550,2550,GBP,UK,2025-03-02,Another together expect yard.,0
1391,18822,2575,2704,INR,IN,2025-03-02,,1
1392,45393,4475,4475,EUR,FR,2025-03-17,,0
1393,-8234,2726,2726,INR,IN,2025-03-13,,2
1394,24514,3622,3622,INR,IN,2025-03-14,,0
1395,-9056,1222,1222,INR,IN,2025-03-03,,2
1396,14132,4575,4575,EUR,DE,2025-03-02,,0
1397,58621,2118,2118,EUR,FR,2025-03-04,,0
1398,6781,2299,2299,EUR,DE,2025-03-01,,0
1399,37660,3762,3762,EUR,FR,2025-03-11,,0
1400,87973,11,11,EUR,FR,2025-03-12,,0
1401,23009,4036,4036,GBP,UK,2025-03-10,Statement wrong daughter outside born.,0
1402,90396,2628,2628,INR,IN,2025-03-15,,0
1403,41705,4250,4250,INR,IN,2025-03-23,,0
1404,62152,4557,4557,INR,IN,2025-03-21,,0
1405,48489,4757,4757,EUR,FR,2025-03-06,,0
1406,79002,3456,3456,EUR,FR,2025-02-23,Will world because degree face.,0
1407,21018,2835,2835,EUR,DE,2025-03-18,,0
1408,35080,3277,3277,EUR,FR,2025-03-07,,0
1409,41765,451,451,EUR,FR,2025-03-03,,0
1410,52197,953,953,EUR,FR,2025-03-07,Republican no throughout new ever argue science.,0
1411,96230,1313,1313,INR,IN,2025-03-21,,0
1412,-8701,3515,3515,EUR,FR,2025-03-05,Stop sign clearly smile treat own yes speak.,2
1413,24491,880,880,EUR,DE,2025-03-09,Far trip more evening.,0
1414,92992,1625,1625,INR,IN,2025-03-22,,0
1415,59925,4219,4219,INR,IN,2025-03-06,Together myself bill well order little future.,0
1416,16618,4543,4543,USD,US,2025-03-22,,0
1417,50793,4769,4769,EUR,DE,2025-03-23,Town cover woman whole commercial more.,0
1418,27828,4536,4536,EUR,US,2025-03-23,Institution world middle painting significant.,0
1419,88333,1085,1085,EUR,FR,2025-03-21,,0
1420,98295,1030,1030,INR,IN,2025-03-08,,0
1421,43999,272,272,EUR,FR,2025-03-02,,0
1422,35560,2134,2134,INR,IN,2025-02-28,,0
1423,6876,1515,1515,EUR,DE,2025-02-22,Special fund will sister teach.,0
1424,60469,1876,1876,INR,IN,2025-02-23,,0
1425,30307,982,982,USD,US,2025-03-21,,0
1426,20778,533,533,EUR,FR,2025-03-05,,0
1427,78361,3284,3284,EUR,DE,2025-03-02,,0
1428,20382,2817,2817,EUR,DE,2025-03-17,,0
1429,80533,2058,2058,USD,US,2025-03-13,,0
1430,43858,1907,1798,USD,UK,2025-02-24,,1
1431,-5239,2189,2189,GBP,UK,2025-03-14,Politics institution until tough according.,2
1432,26869,2708,2708,GBP,UK,2025-02-23,,0
1433,79072,506,506,INR,IN,2025-03-17,,0
1434,79702,2244,2244,EUR,DE,2025-03-03,Itself majority anyone media glass old.,0
1435,52038,4795,4795,GBP,UK,2025-02-25,,0
1436,8115,2042,2042,GBP,UK,2025-02-26,,0
1437,26884,3959,3959,EUR,DE,2025-03-04,,0
1438,83703,4312,4312,INR,IN,2025-03-08,,0
1439,20017,993,993,INR,IN,2025-03-22,,0
1440,52861,1381,1381,INR,IN,2025-03-02,,0
1441,27910,4614,4614,EUR,FR,2025-02-23,,0
1442,18105,3375,3375,EUR,DE,2025-03-22,,0
1443,20914,661,661,INR,IN,2025-03-23,,0
1444,14761,4382,4382,EUR,FR,2025-02-28,,0
1445,72879,4107,4107,EUR,FR,2025-03-21,,0
1446,17792,4306,4306,GBP,UK,2025-03-12,,0
1447,21154,3795,3795,USD,US,2025-03-05,,0
1448,6004,4094,4094,EUR,FR,2025-02-28,,0
1449,-9429,2697,2697,GBP,UK,2025-02-24,,2
1450,51347,3397,3397,USD,US,2025-03-18,,0
1451,93878,3596,3596,INR,IN,2025-03-10,,0
1452,77807,2957,2957,INR,IN,2025-03-02,,0
1453,56674,3108,3284,GBP,UK,2025-03-07,,1
1454,95580,3893,3893,USD,US,2025-03-08,Goal seek big financial defense investment.,0
1455,63697,1469,1469,USD,US,2025-03-10,,0
1456,81129,3380,3380,EUR,FR,2025-03-10,,0
1457,18103,4927,4927,EUR,DE,2025-03-21,,0
1458,34027,2641,2641,GBP,UK,2025-03-10,,0
1459,81548,4554,4554,GBP,UK,2025-02-24,,0
1460,41721,450,450,INR,IN,2025-03-16,Own century radio decision ever interesting.,0
1461,56016,1823,1823,INR,IN,2025-03-02,,0
1462,-3024,3147,3147,EUR,FR,2025-03-22,Sure market memory.,2
1463,20481,2988,2988,GBP,UK,2025-03-05,,0
1464,51613,1149,1149,USD,US,2025-03-07,,0
1465,56226,663,663,EUR,FR,2025-02-26,,0
1466,26192,1729,1729,USD,US,2025-03-01,News south list large.,0
1467,94605,3554,3554,USD,US,2025-03-04,,0
1468,94260,436,436,USD,US,2025-02-24,,0
1469,19775,4271,4271,EUR,FR,2025-03-08,,0
1470,95089,4800,4800,EUR,DE,2025-03-17,,0
1471,35344,1315,1315,INR,IN,2025-02-25,,0
1472,75099,1280,1280,INR,FR,2025-03-17,,0
1473,2351,927,927,GBP,UK,2025-03-22,,0
1474,38101,2559,2559,EUR,DE,2025-03-13,,0
1475,1774,534,534,EUR,DE,2025-03-17,History forget road though change.,0
1476,97705,551,551,USD,US,2025-03-01,,0
1477,11350,483,483,INR,DE,2025-03-21,Dream Mrs any movie sell draw.,0
1478,64993,4542,4542,GBP,UK,2025-03-21,,0
1479,24692,443,443,USD,US,2025-03-19,,0
1480,53946,1097,1097,INR,DE,2025-03-20,,0
1481,23203,624,624,USD,US,2025-03-17,,0
1482,-1295,4342,4342,EUR,FR,2025-02-28,,2
1483,61982,721,721,INR,IN,2025-02-23,,0
1484,9984,2038,2038,USD,US,2025-03-13,Person role reason.,0
1485,7958,2466,2466,EUR,FR,2025-02-26,Last buy never almost.,0
1486,11072,2848,2848,INR,IN,2025-03-04,Go necessary chance hour.,0
1487,723,1873,1873,USD,US,2025-03-07,,1
1488,2694,3090,3090,INR,IN,2025-03-07,Design describe move table act away ever whose.,1
1489,71892,1617,1617,EUR,FR,2025-02-28,,0
1490,17982,1669,1669,USD,US,2025-03-10,,0
1491,-5387,286,286,USD,US,2025-03-19,,2
1492,71687,3320,3320,INR,IN,2025-03-04,,0
1493,54792,2118,2118,EUR,FR,2025-03-07,,0
1494,83235,451,451,INR,IN,2025-03-22,,0
1495,18224,3453,3453,INR,IN,2025-03-13,,0
1496,65078,4873,4873,INR,IN,2025-03-08,,0
1497,-3460,412,412,GBP,UK,2025-03-16,,2
1498,36789,1642,1642,INR,IN,2025-03-04,,0
1499,62218,4702,4702,EUR,FR,2025-02-22,,0
1500,84129,4367,4367,GBP,UK,2025-02-28,,0
1501,-9589,1502,1502,USD,US,2025-03-06,,2
1502,69560,15,15,EUR,DE,2025-03-08,,0
1503,44155,4097,4097,GBP,UK,2025-02-28,Beyond subject opportunity matter father.,0
1504,20532,2886,2886,EUR,UK,2025-03-16,,0
1505,42002,2869,2869,USD,DE,2025-03-08,,0
1506,72737,4475,4475,EUR,DE,2025-03-04,,0
1507,-4674,424,613,GBP,UK,2025-03-18,,3
1508,13562,3041,3041,GBP,UK,2025-03-08,,0
1509,99596,2775,2775,USD,US,2025-02-22,,0
1510,-619,5000,5000,USD,US,2025-03-18,,2
1511,98692,2465,2465,GBP,UK,2025-03-10,,0
1512,8494,641,641,EUR,FR,2025-02-22,,0
1513,65992,1343,1171,EUR,FR,2025-03-17,,1
1514,37090,1149,1149,USD,US,2025-03-18,,0
1515,43567,2063,2063,EUR,DE,2025-02-26,Bit relationship field individual red history fine should.,0
1516,98682,3232,3430,EUR,FR,2025-03-13,,1
1517,17449,516,516,USD,US,2025-03-08,,0
1518,73908,1489,1489,EUR,DE,2025-02-27,Draw point experience special rock clearly.,0
1519,58937,3078,3078,USD,US,2025-03-11,Team evidence bank person.,0
1520,99432,4370,4370,EUR,DE,2025-03-02,,0
1521,61682,1433,1433,GBP,UK,2025-03-10,,0
1522,8524,2067,2067,EUR,DE,2025-03-15,,0
1523,65860,2811,2811,USD,IN,2025-03-17,,0
1524,34032,4576,4576,USD,US,2025-03-10,,0
1525,7656,4676,4676,EUR,FR,2025-03-09,,0
1526,-3467,3261,3261,EUR,FR,2025-03-23,How drop make.,2
1527,17433,1990,1990,EUR,DE,2025-03-08,,0
1528,25817,3318,3318,INR,IN,2025-02-23,,0
1529,19791,4196,4196,USD,US,2025-02-24,Politics ago use successful street benefit.,0
1530,59372,2117,2117,EUR,FR,2025-02-28,,0
1531,68261,248,248,USD,US,2025-03-19,,0
1532,53361,3964,3964,INR,IN,2025-03-22,,0
1533,44051,919,919,EUR,DE,2025-03-02,,0
1534,14435,2557,2443,EUR,DE,2025-03-16,Hot maybe include.,1
1535,11265,1419,1419,EUR,FR,2025-03-19,,0
1536,49210,1235,1235,USD,US,2025-03-03,,0
1537,88865,1528,1528,EUR,FR,2025-03-11,,0
1538,95252,330,330,USD,UK,2025-03-14,,0
1539,67367,4009,4009,EUR,FR,2025-03-02,,0
1540,69612,2923,2923,INR,IN,2025-03-17,,0
1541,54000,2864,2864,INR,IN,2025-03-14,Hot rest do bar.,0
1542,11989,702,702,GBP,UK,2025-03-22,You significant find star recognize unit choose.,0
1543,18765,3332,3332,GBP,UK,2025-03-21,,0
1544,86213,1790,1790,GBP,IN,2025-02-22,Important behavior writer Mr conference.,0
1545,82979,4228,4228,GBP,DE,2025-03-09,,0
1546,9730,3802,3802,GBP,IN,2025-03-13,,0
1547,93681,852,852,GBP,UK,2025-03-03,,0
1548,-4773,3426,3356,INR,IN,2025-03-06,,3
1549,71817,4739,4739,USD,US,2025-03-06,,0
1550,56071,2827,2827,USD,US,2025-03-23,Get budget understand finish far.,0
1551,92646,1882,1882,USD,US,2025-03-09,,0
1552,63827,2846,2846,EUR,DE,2025-03-15,Remember suffer exactly simple reach.,0
1553,67006,1317,1317,EUR,FR,2025-02-28,Possible team capital view people movie.,0
1554,25015,2074,2074,EUR,DE,2025-03-20,Indeed doctor trouble shoulder.,0
1555,68053,2457,2457,GBP,UK,2025-03-11,Hot player sea economic partner.,0
1556,-3535,522,522,USD,US,2025-02-24,Authority hope position.,2
1557,37139,3323,3323,EUR,FR,2025-03-23,,0
1558,96481,2985,2985,USD,US,2025-03-02,Write computer mother hot always this sound happy.,0
1559,57013,1125,1125,EUR,DE,2025-03-05,,0
1560,13567,4815,4815,EUR,FR,2025-03-01,,0
1561,40954,2328,2328,GBP,UK,2025-03-23,Far bank current none those themselves all.,0
1562,88914,3294,3294,EUR,DE,2025-03-10,,0
1563,61628,1481,1481,INR,DE,2025-03-13,Decide should among parent.,0
1564,23423,1504,1504,USD,US,2025-02-24,Near agent as behavior federal hour.,0
1565,73260,1457,1457,USD,US,2025-03-04,Modern theory kid around relate born hear bill.,0
1566,77908,4227,4227,INR,IN,2025-03-17,,0
1567,23665,1918,1918,INR,US,2025-03-01,,0
1568,62907,4118,4118,USD,US,2025-03-06,,0
1569,2934,1072,1072,GBP,FR,2025-02-25,,0
1570,54141,1737,1737,EUR,DE,2025-02-26,,0
1571,39303,1629,1629,EUR,FR,2025-03-20,,0
1572,19431,1611,1611,USD,US,2025-03-07,,0
1573,12817,607,607,INR,DE,2025-03-05,,0
1574,5366,1654,1654,EUR,UK,2025-02-27,,0
1575,71818,1974,1885,INR,IN,2025-02-23,,1
1576,63338,239,239,EUR,FR,2025-02-28,,0
1577,31271,4934,4934,EUR,FR,2025-03-22,,0
1578,98921,1117,1117,EUR,FR,2025-02-26,,0
1579,67347,253,253,EUR,DE,2025-03-17,,0
1580,96280,3336,3336,GBP,UK,2025-03-04,,0
1581,58277,4552,4552,EUR,FR,2025-02-25,,0
1582,8966,1953,1953,EUR,DE,2025-03-06,,0
1583,88606,27,27,GBP,UK,2025-02-27,American there apply just wish.,0
1584,19222,3776,3776,USD,US,2025-03-02,,0
1585,-3996,4955,5005,GBP,UK,2025-02-27,,3
1586,-1039,755,755,EUR,FR,2025-03-06,Material about activity hotel.,2
1587,15614,2513,2513,GBP,UK,2025-03-05,Along protect trouble home.,0
1588,80300,3846,3846,EUR,DE,2025-03-11,,0
1589,12082,935,935,EUR,FR,2025-03-01,,0
1590,83027,3653,3653,EUR,DE,2025-02-22,,0
1591,10193,2154,2154,USD,US,2025-03-17,,0
1592,89050,793,793,INR,IN,2025-02-27,,0
1593,12590,1439,1459,EUR,DE,2025-03-18,,1
1594,51206,3213,3213,EUR,IN,2025-02-24,Office concern market.,0
1595,22805,857,857,GBP,UK,2025-03-22,,0
1596,52832,4663,4663,USD,US,2025-03-20,,0
1597,56255,3438,3438,GBP,UK,2025-03-21,,0
1598,58860,504,504,GBP,UK,2025-03-17,,0
1599,45443,2695,2695,EUR,FR,2025-03-05,,0
1600,17649,3953,3953,GBP,UK,2025-03-08,Computer inside knowledge.,0
1601,24905,470,470,USD,US,2025-03-08,,0
1602,316,616,616,GBP,UK,2025-02-27,,1
1603,36517,645,729,USD,US,2025-03-20,,1
1604,14870,3029,3029,INR,US,2025-03-19,Upon peace table maintain.,0
1605,88572,4390,4390,GBP,UK,2025-03-21,Say choice experience similar police design fund.,0
1606,74825,3323,3323,GBP,UK,2025-02-25,,0
1607,68675,2434,2434,EUR,FR,2025-03-07,,0
1608,35111,3456,3456,INR,IN,2025-03-21,,0
1609,26675,405,405,GBP,UK,2025-03-22,,0
1610,1877,598,598,INR,IN,2025-03-01,,0
1611,46679,3374,3374,EUR,FR,2025-03-20,,0
1612,86913,2664,2664,INR,UK,2025-03-11,,0
1613,68880,259,259,GBP,UK,2025-02-27,,0
1614,-162,1589,1589,EUR,FR,2025-03-12,Forward agree charge.,2
1615,33064,1970,1970,INR,IN,2025-02-23,,0
1616,27098,2682,2682,EUR,FR,2025-03-23,,0
1617,9776,3386,3386,USD,US,2025-02-23,,0
1618,46201,1491,1491,EUR,DE,2025-03-16,,0
1619,95324,3414,3414,EUR,FR,2025-03-23,Occur Congress general door rise.,0
1620,38808,1381,1381,INR,IN,2025-03-18,Budget culture woman customer inside fire future order.,0
1621,-2452,713,713,GBP,UK,2025-03-15,Some worker hot career around continue pay.,2
1622,36046,1953,1953,GBP,DE,2025-03-07,Attorney know cost approach international our difficult address.,0
1623,83305,453,453,INR,IN,2025-03-17,Hundred sister environmental imagine talk.,0
1624,74387,1736,1736,USD,UK,2025-03-10,,0
1625,-581,4706,4706,GBP,UK,2025-03-12,,2
1626,52316,1026,1026,EUR,DE,2025-02-23,,0
1627,95379,73,73,GBP,UK,2025-03-21,,0
1628,24261,3232,3232,GBP,UK,2025-03-20,Market buy ready east effort forward talk.,0
1629,35570,711,659,EUR,FR,2025-03-08,,1
1630,54631,2978,2978,INR,IN,2025-03-02,,0
1631,28886,270,270,GBP,DE,2025-03-20,,0
1632,68576,2853,2853,INR,IN,2025-02-26,,0
1633,2130,2095,2095,EUR,DE,2025-02-28,,0
1634,74593,1752,1752,EUR,FR,2025-03-04,,0
1635,21512,464,464,EUR,DE,2025-03-09,Number rather everything must kitchen.,0
1636,33166,3546,3546,EUR,FR,2025-02-22,,0
1637,13864,2566,2566,INR,IN,2025-03-02,Choose provide sit sure avoid possible.,0
1638,77201,4732,4732,USD,US,2025-03-23,,0
1639,7301,4511,4511,USD,US,2025-03-17,,0
1640,32691,2162,2162,EUR,FR,2025-03-20,Something eye also financial adult citizen of.,0
1641,-2076,4681,4681,USD,US,2025-02-26,,2
1642,56200,2079,2079,USD,US,2025-03-02,Fill station together century.,0
1643,23856,4675,4675,USD,US,2025-02-27,,0
1644,91625,2067,2067,EUR,FR,2025-02-23,,0
1645,59620,3256,3256,USD,UK,2025-03-10,,0
1646,95270,1262,1388,GBP,FR,2025-03-13,,1
1647,9028,1434,1434,INR,IN,2025-03-04,,0
1648,95381,381,381,EUR,DE,2025-03-10,Occur relationship I wide.,0
1649,-2656,1888,1888,GBP,UK,2025-03-21,,2
1650,69498,3728,3728,EUR,UK,2025-03-01,,0
1651,45650,4797,4797,EUR,FR,2025-03-12,Member various start send camera worry listen anything.,0
1652,94938,1230,1230,EUR,DE,2025-03-04,,0
1653,7289,964,964,EUR,DE,2025-03-07,,0
1654,51317,2287,2287,USD,IN,2025-02-25,,0
1655,85350,361,361,INR,IN,2025-02-23,,0
1656,89601,165,165,EUR,FR,2025-02-28,,0
1657,19788,4648,4648,INR,IN,2025-03-10,,0
1658,8483,2898,2898,EUR,DE,2025-03-02,,0
1659,93855,4167,4167,GBP,UK,2025-03-03,,0
1660,22087,256,256,GBP,UK,2025-03-07,,0
1661,58864,3078,3078,GBP,UK,2025-02-24,,0
1662,60476,3633,3518,USD,UK,2025-03-12,Society pass measure sister various.,1
1663,28526,2631,2631,EUR,DE,2025-03-23,,0
1664,29749,3848,3848,GBP,UK,2025-03-04,,0
1665,82931,2222,2222,EUR,FR,2025-03-17,,0
1666,84869,2344,2344,INR,DE,2025-03-06,,0
1667,42776,1447,1447,INR,IN,2025-03-23,,0
1668,12851,2823,2823,USD,US,2025-03-12,,0
1669,98236,4779,4779,USD,US,2025-03-04,Election exist his represent member at radio.,0
1670,60570,4341,4341,EUR,DE,2025-02-27,,0
1671,81071,3650,3650,GBP,IN,2025-03-20,,0
1672,77263,685,685,USD,US,2025-03-11,Crime need letter morning unit question social accept.,0
1673,21271,862,862,GBP,IN,2025-03-09,Source field group over determine.,0
1674,53943,693,693,INR,IN,2025-03-14,,0
1675,82209,1774,1774,INR,IN,2025-03-18,,0
1676,23081,4856,4856,USD,US,2025-03-23,,0
1677,45273,4568,4568,INR,IN,2025-03-14,,0
1678,79945,4302,4302,EUR,DE,2025-03-06,,0
1679,28138,3520,3520,EUR,FR,2025-03-04,,0
1680,55704,3641,3641,INR,IN,2025-03-07,,0
1681,77742,4800,4800,INR,IN,2025-03-12,,0
1682,32377,4982,4954,INR,IN,2025-03-04,,0
1683,10782,1514,1514,INR,IN,2025-02-28,,0
1684,17330,3969,3969,EUR,US,2025-03-22,,0
1685,83199,2046,2046,EUR,DE,2025-02-28,None spend keep Congress face.,0
1686,36146,1165,1165,INR,IN,2025-03-09,,0
1687,-2284,1737,1737,EUR,FR,2025-03-07,,2
1688,10343,3431,3431,USD,US,2025-03-12,,0
1689,7187,1533,1533,EUR,DE,2025-02-27,,0
1690,14133,4195,4195,INR,IN,2025-02-23,,0
1691,18350,2396,2396,GBP,UK,2025-03-14,,0
1692,80353,1290,1290,INR,IN,2025-03-05,Town person land participant necessary successful.,0
1693,2108,4458,4458,GBP,UK,2025-03-16,,1
1694,52691,2112,2112,EUR,FR,2025-03-16,,0
1695,85459,3360,3360,INR,UK,2025-03-23,,0
1696,2490,118,118,EUR,FR,2025-03-22,College their rule television TV wide thing since.,0
1697,-1894,3161,3161,GBP,UK,2025-02-27,,2
1698,54382,1741,1741,EUR,DE,2025-03-16,,0
1699,7898,4006,4006,INR,IN,2025-02-25,Go camera three outside.,0
1700,73113,1392,1392,USD,DE,2025-03-07,,0
1701,96731,3880,3880,EUR,FR,2025-03-03,,0
1702,88091,208,208,EUR,FR,2025-02-24,Certain close sort win affect anyone.,0
1703,79604,4306,4306,EUR,DE,2025-03-12,,0
1704,84418,1991,1991,GBP,UK,2025-02-27,,0
1705,90933,3711,3711,INR,IN,2025-03-07,,0
1706,95130,817,817,USD,US,2025-03-17,,0
1707,70851,4617,4617,EUR,FR,2025-03-11,,0
1708,89194,368,368,GBP,UK,2025-03-01,,0
1709,66593,693,693,INR,IN,2025-03-15,,0
1710,23071,252,252,EUR,DE,2025-03-06,,0
1711,20407,3881,3881,INR,IN,2025-03-22,Hand easy gun begin PM describe activity add.,0
1712,6522,3290,3290,EUR,UK,2025-02-23,,0
1713,53464,3630,3630,EUR,FR,2025-03-07,Toward history free admit paper institution since.,0
1714,44833,4729,4729,INR,FR,2025-03-14,,0
1715,26925,1513,1513,USD,US,2025-03-03,,0
1716,84212,2913,2913,EUR,DE,2025-02-26,,0
1717,58387,3752,3752,INR,US,2025-03-11,Leave probably short final conference.,0
1718,13435,4829,4829,INR,IN,2025-03-09,,0
1719,63851,4648,4841,EUR,DE,2025-03-18,Culture building despite however.,1
1720,45793,4736,4736,GBP,UK,2025-03-18,,0
1721,56825,2332,2332,EUR,DE,2025-03-09,Draw want piece.,0
1722,38887,1428,1428,EUR,FR,2025-03-17,Ok near among century contain.,0
1723,38478,1861,1861,GBP,UK,2025-03-22,,0
1724,98237,3969,3969,GBP,FR,2025-03-20,,0
1725,17972,381,381,GBP,UK,2025-03-15,,0
1726,88927,1621,1621,EUR,DE,2025-03-12,,0
1727,99371,2597,2724,INR,FR,2025-03-05,,1
1728,23214,4763,4763,EUR,FR,2025-03-04,,0
1729,21194,1909,1909,GBP,UK,2025-03-22,Season other especially candidate.,0
1730,7141,2974,2974,GBP,UK,2025-02-27,,0
1731,73717,562,562,INR,IN,2025-02-25,,0
1732,21941,1982,1982,USD,US,2025-02-25,,0
1733,80694,2058,2058,GBP,UK,2025-02-24,,0
1734,64216,4543,4543,USD,US,2025-03-21,,0
1735,87716,4749,4749,USD,US,2025-02-25,Lose staff its subject add arm safe.,0
1736,-6352,4708,4708,INR,IN,2025-02-22,Throw since remember tell wind thus.,2
1737,71076,2521,2521,USD,US,2025-03-06,,0
1738,49816,477,477,USD,US,2025-02-23,,0
1739,34075,3399,3399,EUR,FR,2025-03-07,,0
1740,97434,1261,1261,INR,IN,2025-03-16,,0
1741,26882,3186,3186,INR,IN,2025-03-16,,0
1742,39797,548,548,EUR,DE,2025-03-21,Than American car music.,0
1743,95455,1235,1235,EUR,DE,2025-03-11,Step indicate story our against.,0
1744,17438,3276,3276,USD,US,2025-03-11,,0
1745,49196,810,810,INR,IN,2025-03-16,,0
1746,91923,577,577,USD,IN,2025-03-23,Store magazine subject prevent will make treatment.,0
1747,54245,4013,4013,INR,IN,2025-03-11,,0
1748,31499,1997,1997,EUR,FR,2025-03-17,Few official parent open agreement law.,0
1749,42254,4557,4557,USD,US,2025-03-02,,0
1750,1109,4156,4156,INR,DE,2025-03-07,,1
1751,55665,3492,3492,INR,IN,2025-03-03,Recently blood month forget under forward.,0
1752,97234,3287,3287,GBP,UK,2025-03-01,,0
1753,64806,4038,4038,USD,US,2025-03-18,,0
1754,51183,2234,2234,EUR,DE,2025-03-23,,0
1755,-8876,1127,1127,INR,IN,2025-03-12,,2
1756,68576,980,980,GBP,FR,2025-03-20,Recognize space owner move personal.,0
1757,31158,3322,3322,INR,FR,2025-03-02,,0
1758,51871,3984,3984,EUR,DE,2025-03-18,,0
1759,-9911,3554,3554,EUR,DE,2025-03-16,Amount knowledge fear evidence hundred view rise cold.,2
1760,95237,909,909,INR,IN,2025-02-24,,0
1761,15615,3045,3045,INR,IN,2025-03-12,,0
1762,61476,1798,1798,EUR,FR,2025-03-19,,0
1763,27542,1741,1741,EUR,FR,2025-03-16,,0
1764,2894,454,454,USD,US,2025-03-06,As general free beat compare.,0
1765,27833,3409,3409,INR,IN,2025-02-24,,0
1766,2540,397,397,USD,US,2025-03-13,,0
1767,82366,3646,3646,GBP,UK,2025-03-14,,0
1768,41196,4479,4479,INR,IN,2025-02-26,Them writer page his run.,0
1769,36945,1297,1297,INR,IN,2025-02-23,,0
1770,48345,586,586,INR,IN,2025-03-11,,0
1771,82962,1578,1578,INR,IN,2025-02-22,Method west will every she.,0
1772,66589,307,307,GBP,UK,2025-03-01,,0
1773,95540,389,235,GBP,IN,2025-03-06,,1
1774,5573,4312,4312,EUR,DE,2025-03-02,,0
1775,40556,3813,3813,EUR,DE,2025-03-01,Type long method what hour cover.,0
1776,-289,2360,2360,EUR,DE,2025-02-22,,2
1777,5079,3818,3818,INR,IN,2025-03-21,,0
1778,10722,1695,1695,USD,US,2025-02-25,,0
1779,22397,1227,1227,INR,DE,2025-02-25,,0
1780,95994,487,487,USD,FR,2025-03-13,,0
1781,35091,2016,2016,EUR,DE,2025-03-02,Night career material read officer happen those.,0
1782,29920,3546,3546,USD,US,2025-03-15,,0
1783,40003,2771,2771,EUR,FR,2025-03-07,,0
1784,82782,2155,2155,EUR,FR,2025-03-10,Weight industry center want mission.,0
1785,61040,1400,1400,GBP,UK,2025-03-03,,0
1786,19758,4984,4984,EUR,FR,2025-03-21,,0
1787,60493,3092,3092,GBP,IN,2025-02-22,,0
1788,49084,288,288,INR,IN,2025-03-16,,0
1789,98513,4499,4499,USD,US,2025-02-25,Success or finish often coach dinner similar week.,0
1790,581,4884,4884,EUR,FR,2025-03-16,,1
1791,4069,931,931,GBP,US,2025-03-09,,0
1792,62135,212,212,EUR,FR,2025-03-09,,0
1793,4747,3620,3656,EUR,DE,2025-02-23,,0
1794,-20,3783,3783,GBP,UK,2025-03-09,,2
1795,63901,3619,3619,EUR,FR,2025-03-13,Modern tend unit Mrs another.,0
1796,98539,965,965,EUR,DE,2025-03-14,,0
1797,45534,3444,3486,EUR,IN,2025-03-18,,1
1798,35036,2843,2879,USD,US,2025-03-07,,1
1799,31713,979,979,INR,IN,2025-03-21,,0
1800,10942,1871,1871,GBP,UK,2025-03-12,,0
1801,32025,548,548,USD,US,2025-03-12,Responsibility garden leave firm.,0
1802,71763,3857,3857,INR,IN,2025-03-04,,0
1803,56113,4100,4100,USD,US,2025-03-08,,0
1804,69892,1237,1237,USD,US,2025-02-24,,0
1805,82528,2874,2874,USD,US,2025-02-23,Hear while trial north short city.,0
1806,18710,2742,2742,GBP,UK,2025-03-07,Public specific continue most performance truth.,0
1807,9805,161,161,EUR,DE,2025-02-22,,0
1808,69314,4187,4187,USD,IN,2025-03-18,,0
1809,30114,2754,2754,USD,US,2025-03-06,Activity occur raise tree scientist move.,0
1810,9675,614,614,GBP,UK,2025-03-19,,0
1811,-5437,750,750,INR,IN,2025-03-02,,2
1812,73492,3040,3040,USD,UK,2025-03-06,Happy major which camera try kind.,0
1813,21405,3138,3138,USD,US,2025-03-04,,0
1814,83222,4287,4287,INR,US,2025-03-16,,0
1815,81270,4907,4907,INR,IN,2025-03-13,,0
1816,93974,289,289,GBP,UK,2025-03-11,,0
1817,-486,657,657,USD,US,2025-03-07,Which baby shake maybe each better.,2
1818,91720,4273,4273,INR,IN,2025-02-27,,0
1819,71930,1434,1434,GBP,UK,2025-03-19,,0
1820,68807,307,307,EUR,FR,2025-03-04,,0
1821,-6364,961,961,GBP,UK,2025-03-20,,2
1822,17294,4784,4784,USD,US,2025-02-23,,0
1823,74335,4616,4616,EUR,FR,2025-03-05,,0
1824,37571,3512,3512,EUR,DE,2025-03-23,,0
1825,5626,1635,1635,INR,IN,2025-02-28,,0
1826,63057,1576,1576,GBP,UK,2025-02-23,Long lot agent sea around baby decide.,0
1827,71893,1877,1877,EUR,DE,2025-03-02,,0
1828,19930,3025,3025,INR,IN,2025-02-27,,0
1829,60555,1216,1216,INR,IN,2025-03-17,,0
1830,32841,2537,2537,EUR,FR,2025-03-19,,0
1831,25765,4286,4286,INR,IN,2025-03-12,,0
1832,59855,2231,2231,USD,US,2025-03-18,,0
1833,80560,2287,2287,GBP,UK,2025-03-22,,0
1834,43304,1778,1778,INR,IN,2025-02-24,,0
1835,57770,2392,2392,EUR,IN,2025-03-13,,0
1836,-7718,225,225,EUR,FR,2025-03-06,Name culture help guy establish.,2
1837,80180,2413,2413,GBP,DE,2025-03-14,,0
1838,61163,4045,4045,EUR,DE,2025-03-21,,0
1839,92220,868,868,EUR,DE,2025-03-01,,0
1840,95835,3921,3921,USD,US,2025-03-05,,0
1841,44703,357,357,GBP,UK,2025-03-19,,0
1842,115,3965,3965,INR,IN,2025-03-13,,1
1843,85569,4452,4452,EUR,FR,2025-03-22,,0
1844,58659,4500,4500,EUR,DE,2025-03-03,,0
1845,16019,1230,1077,USD,US,2025-03-17,,1
1846,98430,1811,1811,USD,US,2025-03-19,,0
1847,23317,3323,3323,EUR,DE,2025-03-08,,0
1848,79624,425,425,EUR,DE,2025-02-23,,0
1849,69925,1023,1023,USD,UK,2025-03-02,,0
1850,79357,2869,2869,GBP,UK,2025-03-20,,0
1851,35040,4762,4762,EUR,FR,2025-03-11,,0
1852,44141,1802,1802,INR,IN,2025-03-05,,0
1853,57405,3333,3333,INR,IN,2025-03-18,,0
1854,49055,4544,4544,INR,IN,2025-03-09,,0
1855,16175,1837,1837,USD,US,2025-03-01,,0
1856,76983,4181,4181,INR,IN,2025-03-16,Girl position appear something.,0
1857,34670,1168,1072,EUR,DE,2025-03-04,,1
1858,71822,872,872,GBP,UK,2025-02-24,,0
1859,24298,2921,2982,EUR,DE,2025-03-12,,1
1860,33745,2294,2373,INR,IN,2025-03-16,,1
1861,91155,3649,3649,INR,IN,2025-03-10,,0
1862,86618,309,309,EUR,FR,2025-03-11,,0
1863,46208,4925,4925,USD,US,2025-02-25,,0
1864,57491,1286,1286,INR,IN,2025-02-27,,0
1865,81216,4002,4002,USD,US,2025-03-20,,0
1866,50630,1714,1714,INR,IN,2025-03-14,,0
1867,11506,2675,2675,INR,IN,2025-03-11,,0
1868,68344,1277,1277,EUR,FR,2025-03-14,,0
1869,91657,618,618,USD,US,2025-03-02,,0
1870,1317,1921,1921,USD,US,2025-03-23,,1
1871,75734,3061,3061,GBP,UK,2025-02-24,,0
1872,36047,1791,1791,EUR,FR,2025-03-16,,0
1873,56447,3689,3689,GBP,UK,2025-03-09,,0
1874,61237,444,444,EUR,DE,2025-03-20,,0
1875,52913,4055,4055,GBP,IN,2025-03-01,,0
1876,29890,4750,4750,INR,IN,2025-02-27,,0
1877,97024,3815,3815,GBP,US,2025-03-19,Expert western animal citizen water will change.,0
1878,-2008,1827,1827,GBP,US,2025-03-14,,2
1879,-6675,1954,1954,INR,IN,2025-03-11,,2
1880,36775,3922,3922,EUR,FR,2025-03-14,,0
1881,19006,2668,2668,EUR,DE,2025-02-23,,0
1882,67038,4567,4567,EUR,DE,2025-03-11,,0
1883,27331,3413,3413,USD,US,2025-02-27,,0
1884,6696,2674,2800,EUR,FR,2025-03-22,,1
1885,57391,1859,1859,USD,US,2025-03-13,,0
1886,81963,1322,1322,INR,UK,2025-02-26,,0
1887,78430,4579,4579,EUR,DE,2025-03-06,,0
1888,69925,2026,2026,INR,IN,2025-03-02,,0
1889,98391,815,815,USD,DE,2025-02-27,,0
1890,47911,2939,2939,USD,US,2025-03-23,,0
1891,88783,4583,4583,EUR,FR,2025-03-01,Story subject herself event present.,0
1892,8493,3256,3256,GBP,UK,2025-03-14,,0
1893,78225,788,788,GBP,UK,2025-03-11,,0
1894,-5469,4296,4296,GBP,UK,2025-03-17,,2
1895,98772,4739,4739,GBP,UK,2025-03-05,,0
1896,88980,1602,1602,EUR,DE,2025-03-13,,0
1897,98749,4076,4076,INR,US,2025-02-24,,0
1898,43329,4599,4599,EUR,DE,2025-03-07,,0
1899,13853,446,446,USD,US,2025-02-28,,0
1900,-8961,4890,4890,GBP,UK,2025-03-14,,2
1901,3452,2564,2564,INR,IN,2025-03-12,Well back gas right authority back executive film.,0
1902,72927,4033,4033,USD,US,2025-03-15,Subject and represent as field.,0
1903,35352,458,458,USD,US,2025-03-14,,0
1904,67404,4862,4862,EUR,FR,2025-03-13,,0
1905,1363,219,219,EUR,FR,2025-03-15,,0
1906,20148,1922,1922,USD,US,2025-03-04,,0
1907,39200,474,474,USD,IN,2025-03-08,Game yourself trial once board.,0
1908,15031,224,224,INR,IN,2025-03-18,,0
1909,84444,721,721,INR,IN,2025-02-22,Decide discover clearly voice scientist drop.,0
1910,69763,559,424,USD,DE,2025-02-26,West their theory particularly business lawyer tonight.,1
1911,90346,4789,4789,INR,IN,2025-03-08,,0
1912,44444,1569,1569,USD,US,2025-02-26,,0
1913,74639,857,857,INR,IN,2025-03-07,,0
1914,29122,1158,1158,USD,US,2025-03-15,,0
1915,23880,317,317,USD,US,2025-02-23,,0
1916,74255,3042,3042,INR,IN,2025-03-21,,0
1917,15959,2601,2601,GBP,UK,2025-02-24,,0
1918,5088,2617,2617,EUR,DE,2025-02-27,,0
1919,-76,3405,3405,EUR,FR,2025-02-28,,2
1920,84865,921,921,EUR,FR,2025-03-05,,0
1921,-8147,2752,2752,GBP,UK,2025-03-16,,2
1922,78798,476,476,EUR,DE,2025-03-23,,0
1923,96093,4050,4050,INR,IN,2025-03-20,,0
1924,43593,2667,2667,USD,US,2025-02-28,,0
1925,55245,925,756,USD,US,2025-02-26,,1
1926,37872,4891,4891,USD,FR,2025-02-27,,0
1927,91216,704,704,EUR,DE,2025-02-28,,0
1928,1228,474,474,EUR,FR,2025-02-28,,0
1929,51361,3804,3804,EUR,FR,2025-02-23,,0
1930,78400,4226,4226,INR,IN,2025-03-13,,0
1931,57075,2437,2437,USD,US,2025-03-10,,0
1932,84495,1681,1681,USD,US,2025-03-03,,0
1933,36455,4037,4037,EUR,DE,2025-02-24,Several so health simple.,0
1934,37543,4750,4750,USD,US,2025-03-15,,0
1935,-7906,2514,2514,INR,IN,2025-02-27,,2
1936,88033,463,463,EUR,DE,2025-03-03,Mission suggest get fine.,0
1937,40240,1133,1133,INR,IN,2025-02-24,,0
1938,35354,4419,4419,EUR,DE,2025-03-23,,0
1939,30710,3137,3137,EUR,DE,2025-03-18,,0
1940,82006,4108,4108,EUR,DE,2025-02-28,,0
1941,12147,23,23,EUR,FR,2025-03-03,Magazine attack quickly first effort.,0
1942,65599,1675,1675,GBP,UK,2025-03-01,,0
1943,62973,2223,2223,INR,IN,2025-03-14,Other best trial pass great wish agreement.,0
1944,72978,3759,3759,GBP,FR,2025-02-27,,0
1945,89111,3881,3881,EUR,FR,2025-03-03,,0
1946,38297,2508,2508,GBP,UK,2025-03-12,,0
1947,6259,1552,1411,USD,US,2025-03-11,,1
1948,7666,3750,3750,EUR,DE,2025-03-14,,0
1949,52087,3615,3615,EUR,DE,2025-02-28,,0
1950,99313,1825,1825,EUR,DE,2025-03-13,,0
1951,26558,4745,4745,INR,IN,2025-03-05,,0
1952,37111,4194,4194,USD,US,2025-03-21,,0
1953,35118,1313,1313,EUR,FR,2025-03-05,,0
1954,39753,172,172,EUR,FR,2025-03-16,,0
1955,77494,4402,4402,EUR,DE,2025-03-01,,0
1956,52937,4003,4003,USD,US,2025-03-14,,0
1957,51482,3554,3554,EUR,DE,2025-03-14,,0
1958,15719,1066,1066,EUR,FR,2025-02-26,,0
1959,86967,4042,4042,INR,IN,2025-03-02,,0
1960,21734,1410,1410,USD,US,2025-03-13,,0
1961,43607,4966,4966,USD,US,2025-03-01,,0
1962,2088,519,519,USD,US,2025-02-27,,0
1963,10662,2571,2571,GBP,UK,2025-03-05,,0
1964,1053,1026,1026,EUR,FR,2025-03-11,,0
1965,98250,2472,2582,GBP,DE,2025-03-13,,1
1966,73281,2104,2104,EUR,DE,2025-02-27,,0
1967,11995,508,508,EUR,DE,2025-03-17,Smile including test half class method if.,0
1968,3576,4620,4620,INR,IN,2025-03-19,,1
1969,84833,3875,3875,USD,US,2025-03-08,,0
1970,26700,3601,3601,INR,IN,2025-03-11,,0
1971,49214,3150,3150,INR,IN,2025-03-10,,0
1972,40540,1018,1018,EUR,DE,2025-03-20,,0
1973,22112,4442,4442,EUR,DE,2025-02-24,Be mission player ever trial long movie.,0
1974,48482,72,-124,USD,US,2025-03-12,,1
1975,86708,355,355,EUR,IN,2025-03-01,,0
1976,95634,1125,1125,GBP,UK,2025-02-24,,0
1977,97955,3444,3444,EUR,DE,2025-02-25,Clear fill lawyer city policy nothing.,0
1978,41064,2725,2725,INR,IN,2025-02-23,,0
1979,40826,62,62,GBP,DE,2025-03-10,,0
1980,34183,3284,3284,EUR,DE,2025-03-15,Card glass article smile organization.,0
1981,56192,4832,4832,GBP,UK,2025-02-24,,0
1982,10463,1228,1228,EUR,DE,2025-03-07,,0
1983,12935,2182,2182,EUR,FR,2025-03-06,,0
1984,1406,2119,2119,GBP,UK,2025-02-26,,1
1985,32741,2740,2740,EUR,FR,2025-03-16,,0
1986,45688,4121,4121,USD,US,2025-03-03,,0
1987,99731,1448,1448,USD,US,2025-02-24,,0
1988,71111,2988,2988,GBP,UK,2025-03-02,,0
1989,46827,2006,2006,GBP,UK,2025-03-15,,0
1990,68009,2984,3019,GBP,US,2025-03-09,,1
1991,12174,586,586,INR,UK,2025-03-11,Trip really deal standard pick me.,0
1992,63711,763,763,EUR,DE,2025-03-14,,0
1993,58955,1940,1940,USD,FR,2025-03-06,,0
1994,-3493,1303,1303,USD,US,2025-03-10,,2
1995,78695,3552,3622,EUR,FR,2025-03-12,Discover skill area position score improve view.,1
1996,-9433,938,938,INR,IN,2025-03-13,,2
1997,59157,4919,4919,INR,UK,2025-02-28,,0
1998,22807,3180,3180,GBP,UK,2025-03-10,Child Mr while dream cut raise.,0
1999,27527,2715,2715,INR,IN,2025-03-03,,0
